Run no.,No. clients,Sum counts [read],SD [read],Sum Speed [read/s],SD [read/s],Counts [read],SD [read],Speed [read/s],SD [read/s],Time [s],SD [s],Errors
0,1,23953.0,0.0,1596.81343955,0.0,23953.0,0.0,1596.81343955,0.0,15.0005,0.0,0
1,2,47794,50,3186.2,3.3,23897,25,1593.1,1.7,15.0004,0.0,0
2,4,94680,161,6312,11,23670,40,1578.0,2.7,15.00038,0.00022,0
3,8,186587,494,12439,33,23323,62,1554.9,4.1,15.000175,0.000097,0
4,16,368244,506,24549,34,23015,32,1534.3,2.1,15.00032,0.00025,0
5,32,597347,2994,39822,200,18667,94,1244.4,6.2,15.00031,0.00023,0
6,64,618653,6450,41241,430,9666,101,644.4,6.7,15.00076,0.00093,0
7,96,632040,14426,42133,962,6584,150,439,10,15.0010,0.0011,0
